{"cameraMode":{"drawMode":0,"name":"Shaded","section":"Shading Mode"},"sceneLighting":true,"audioPlay":false,"sceneViewState":{"showFog":true,"showMaterialUpdate":false,"showSkybox":true,"showFlares":true,"showImageEffects":true,"showParticleSystems":true},"in2DMode":false,"pivot":{"x":-1.4065556526184083,"y":0.0725063607096672,"z":0.07961563020944596},"rotation":{"x":-0.04124609753489494,"y":0.6284096240997315,"z":-0.03340553119778633,"w":-0.7760697603225708},"size":2.1176769733428957,"orthographic":false}