{"cameraMode":{"drawMode":0,"name":"Shaded","section":"Shading Mode"},"sceneLighting":true,"audioPlay":false,"sceneViewState":{"showFog":true,"showMaterialUpdate":false,"showSkybox":true,"showFlares":true,"showImageEffects":true,"showParticleSystems":true},"in2DMode":false,"pivot":{"x":0.2967272996902466,"y":0.32298028469085696,"z":-0.38306114077568056},"rotation":{"x":-0.08571348339319229,"y":0.742124080657959,"z":-0.09672669321298599,"w":-0.6576845049858093},"size":0.6781331300735474,"orthographic":false}